department,avg_productivity,avg_satisfaction,avg_experience
Finance,42.26829268292683,50.048780487804876,25.986301369863014
HR,48.125,51.625,
IT,56.3421052631579,54.3421052631579,25.986301369863014
Marketing,44.26190476190476,46.023809523809526,26.486301369863014
Sales,44.212765957446805,48.61702127659574,25.986301369863014
